,loss,accuracy
0,0.692321,0.520362
1,0.692488,0.518182
2,0.692486,0.518182
3,0.692491,0.518182
4,0.692307,0.520548
